{
  "Scn-1_Stp-01_EnterURLandClickOnEnterTheStore" : {
    "transaction" : "Scn-1_Stp-01_EnterURLandClickOnEnterTheStore",
    "sampleCount" : 1535,
    "errorCount" : 0,
    "errorPct" : 0.0,
    "meanResTime" : 915.3583061889258,
    "medianResTime" : 867.0,
    "minResTime" : 0.0,
    "maxResTime" : 4018.0,
    "pct1ResTime" : 1088.2000000000003,
    "pct2ResTime" : 1142.0,
    "pct3ResTime" : 1756.119999999999,
    "throughput" : 1.3115600130557896,
    "receivedKBytesPerSec" : 6.391665570139836,
    "sentKBytesPerSec" : 0.7362138541323111
  },
  "Scn-1_Stp-05_ClickOnProduct" : {
    "transaction" : "Scn-1_Stp-05_ClickOnProduct",
    "sampleCount" : 1511,
    "errorCount" : 0,
    "errorPct" : 0.0,
    "meanResTime" : 237.6280608868301,
    "medianResTime" : 216.0,
    "minResTime" : 0.0,
    "maxResTime" : 1531.0,
    "pct1ResTime" : 229.0,
    "pct2ResTime" : 422.0,
    "pct3ResTime" : 873.0,
    "throughput" : 1.2913304806125232,
    "receivedKBytesPerSec" : 5.282653539386434,
    "sentKBytesPerSec" : 0.8331674836831718
  },
  "Scn-1_Stp-03_EnterTheCredentialAndClickOnLoginButton" : {
    "transaction" : "Scn-1_Stp-03_EnterTheCredentialAndClickOnLoginButton",
    "sampleCount" : 1526,
    "errorCount" : 0,
    "errorPct" : 0.0,
    "meanResTime" : 217.1638269986896,
    "medianResTime" : 213.0,
    "minResTime" : 0.0,
    "maxResTime" : 742.0,
    "pct1ResTime" : 218.0,
    "pct2ResTime" : 224.0,
    "pct3ResTime" : 257.0,
    "throughput" : 1.3047184467181543,
    "receivedKBytesPerSec" : 0.2926679162381017,
    "sentKBytesPerSec" : 1.2792172955777226
  },
  "Scn-1_Stp-09_ClickOnConfirm" : {
    "transaction" : "Scn-1_Stp-09_ClickOnConfirm",
    "sampleCount" : 1485,
    "errorCount" : 4,
    "errorPct" : 0.26936027,
    "meanResTime" : 254.2680134680132,
    "medianResTime" : 218.0,
    "minResTime" : 0.0,
    "maxResTime" : 901.0,
    "pct1ResTime" : 421.4000000000001,
    "pct2ResTime" : 467.9000000000008,
    "pct3ResTime" : 868.0,
    "throughput" : 1.30948223865909,
    "receivedKBytesPerSec" : 6.922640407800105,
    "sentKBytesPerSec" : 0.7925250636884543
  },
  "Scn-1_Stp-04_ClickOnProductCatalog" : {
    "transaction" : "Scn-1_Stp-04_ClickOnProductCatalog",
    "sampleCount" : 1519,
    "errorCount" : 0,
    "errorPct" : 0.0,
    "meanResTime" : 234.44634628044767,
    "medianResTime" : 215.0,
    "minResTime" : 0.0,
    "maxResTime" : 1171.0,
    "pct1ResTime" : 226.0,
    "pct2ResTime" : 416.0,
    "pct3ResTime" : 886.0,
    "throughput" : 1.298622468476987,
    "receivedKBytesPerSec" : 5.162934667705678,
    "sentKBytesPerSec" : 0.7963273039434864
  },
  "Scn-1_Stp-10_ClickOnSignOut-1" : {
    "transaction" : "Scn-1_Stp-10_ClickOnSignOut-1",
    "sampleCount" : 740,
    "errorCount" : 0,
    "errorPct" : 0.0,
    "meanResTime" : 249.68918918918914,
    "medianResTime" : 214.0,
    "minResTime" : 207.0,
    "maxResTime" : 1073.0,
    "pct1ResTime" : 421.9,
    "pct2ResTime" : 434.8499999999998,
    "pct3ResTime" : 854.0,
    "throughput" : 0.654695181885823,
    "receivedKBytesPerSec" : 3.2274426544527675,
    "sentKBytesPerSec" : 0.39831552569811296
  },
  "Scn-1_Stp-10_ClickOnSignOut-0" : {
    "transaction" : "Scn-1_Stp-10_ClickOnSignOut-0",
    "sampleCount" : 740,
    "errorCount" : 0,
    "errorPct" : 0.0,
    "meanResTime" : 214.57702702702701,
    "medianResTime" : 213.0,
    "minResTime" : 206.0,
    "maxResTime" : 671.0,
    "pct1ResTime" : 218.0,
    "pct2ResTime" : 221.94999999999993,
    "pct3ResTime" : 247.95000000000016,
    "throughput" : 0.6546905481263906,
    "receivedKBytesPerSec" : 0.147049634833076,
    "sentKBytesPerSec" : 0.4040668226717567
  },
  "Scn-1_Stp-07_ClickOnProceedToCheckOut" : {
    "transaction" : "Scn-1_Stp-07_ClickOnProceedToCheckOut",
    "sampleCount" : 1501,
    "errorCount" : 0,
    "errorPct" : 0.0,
    "meanResTime" : 251.03530979347101,
    "medianResTime" : 215.0,
    "minResTime" : 0.0,
    "maxResTime" : 1068.0,
    "pct1ResTime" : 419.0,
    "pct2ResTime" : 434.0,
    "pct3ResTime" : 871.0,
    "throughput" : 1.28225499191009,
    "receivedKBytesPerSec" : 6.962646007603832,
    "sentKBytesPerSec" : 0.8048064166568426
  },
  "Scn-1_Stp-10_ClickOnSignOut" : {
    "transaction" : "Scn-1_Stp-10_ClickOnSignOut",
    "sampleCount" : 1481,
    "errorCount" : 0,
    "errorPct" : 0.0,
    "meanResTime" : 466.3747467927077,
    "medianResTime" : 428.0,
    "minResTime" : 0.0,
    "maxResTime" : 3806.0,
    "pct1ResTime" : 634.0,
    "pct2ResTime" : 674.0,
    "pct3ResTime" : 1067.0,
    "throughput" : 1.3059838043899044,
    "receivedKBytesPerSec" : 6.726883050517147,
    "sentKBytesPerSec" : 1.599514632133198
  },
  "Scn-1_Stp-06_ClickOnAddToCart" : {
    "transaction" : "Scn-1_Stp-06_ClickOnAddToCart",
    "sampleCount" : 1506,
    "errorCount" : 0,
    "errorPct" : 0.0,
    "meanResTime" : 247.38247011952126,
    "medianResTime" : 217.0,
    "minResTime" : 0.0,
    "maxResTime" : 1157.0,
    "pct1ResTime" : 417.0,
    "pct2ResTime" : 440.0,
    "pct3ResTime" : 873.0,
    "throughput" : 1.2867373774139141,
    "receivedKBytesPerSec" : 6.058246640363738,
    "sentKBytesPerSec" : 0.8336044741464899
  },
  "Scn-1_Stp-08_EnterPaymentDetailsAndClickPayment" : {
    "transaction" : "Scn-1_Stp-08_EnterPaymentDetailsAndClickPayment",
    "sampleCount" : 1494,
    "errorCount" : 0,
    "errorPct" : 0.0,
    "meanResTime" : 248.8922356091033,
    "medianResTime" : 216.0,
    "minResTime" : 0.0,
    "maxResTime" : 3692.0,
    "pct1ResTime" : 415.5,
    "pct2ResTime" : 432.0,
    "pct3ResTime" : 864.0,
    "throughput" : 1.2804437500374963,
    "receivedKBytesPerSec" : 5.860814588595309,
    "sentKBytesPerSec" : 1.5813043749351852
  },
  "Total" : {
    "transaction" : "Total",
    "sampleCount" : 9040,
    "errorCount" : 2,
    "errorPct" : 0.022123894,
    "meanResTime" : 315.3470132743365,
    "medianResTime" : 216.0,
    "minResTime" : 0.0,
    "maxResTime" : 4018.0,
    "pct1ResTime" : 685.0,
    "pct2ResTime" : 867.9499999999989,
    "pct3ResTime" : 1078.5900000000001,
    "throughput" : 7.605343258418459,
    "receivedKBytesPerSec" : 30.021535809262367,
    "sentKBytesPerSec" : 5.694915005924849
  },
  "Scn-1_Stp-02_ClickOnSignIn" : {
    "transaction" : "Scn-1_Stp-02_ClickOnSignIn",
    "sampleCount" : 1529,
    "errorCount" : 0,
    "errorPct" : 0.0,
    "meanResTime" : 235.55657292347948,
    "medianResTime" : 215.0,
    "minResTime" : 0.0,
    "maxResTime" : 1184.0,
    "pct1ResTime" : 223.0,
    "pct2ResTime" : 262.5,
    "pct3ResTime" : 947.0,
    "throughput" : 1.3072890126163221,
    "receivedKBytesPerSec" : 5.224486970287176,
    "sentKBytesPerSec" : 0.8369342918409434
  }
}